ticker,fiscal_period,qoq_rev,yoy_rev,qoq_eps,yoy_eps,momentum,net_margin,gross_margin,oper_margin,roe,de_ratio,current_ratio,cash_ratio,asset_turn,eps_status,eps_surprise
AAPL,Q1 2021,72.2449,21.3681,-28.5714,-66.5552,12.4617,25.8034,39.7778,30.0918,43.4208,4.3463,0.6649,0.1554,0.3148,1.0,69.8
AAPL,Q2 2021,-19.6116,53.6261,-5.0,-49.7354,53.1125,26.3775,42.5065,30.7008,34.1583,3.8738,0.5649,0.1789,0.2657,1.0,48.4737
AAPL,Q3 2021,-9.0976,36.4396,29.4737,-54.2751,25.5195,26.7014,43.2927,29.6264,33.827,4.1313,0.5359,0.1595,0.2469,1.0,4.9512
AAPL,Q4 2021,2.3651,28.8448,52.0325,33.5714,27.8173,24.6533,42.1953,28.5341,32.5741,4.5635,1.0746,0.2784,0.2375,0.0,-32.9572
AAPL,Q1 2022,48.6864,11.2223,-22.9947,44.0,-10.1458,27.9398,43.7638,33.4729,48.1427,4.2993,0.6025,0.146,0.3252,1.0,46.7153
AAPL,Q2 2022,-21.5152,8.5886,-18.75,23.1579,-45.0375,25.7098,43.7499,30.8179,37.1074,4.2028,0.512,0.1217,0.2774,1.0,30.4103
AAPL,Q3 2022,-14.7197,1.8727,8.547,3.252,-34.567,23.4357,43.2563,27.8162,33.459,4.7878,0.8646,0.2118,0.2467,0.0,-5.2835
AAPL,Q4 2022,8.6633,8.1406,66.9291,13.369,-20.7042,22.986,42.2592,27.6152,40.8924,5.9615,0.8794,0.1536,0.2555,0.0,-39.7264
ABBV,Q1 2021,-6.1192,50.9456,-5.8219,28.5047,40.8408,27.3098,67.6172,31.5373,25.872,9.9591,0.8316,0.3053,0.0864,0.0,-23.3397
ABBV,Q2 2021,7.2944,33.8993,12.3636,30.9322,7.6122,5.4875,67.598,31.8146,6.0823,10.7494,0.9064,0.2979,0.0943,0.0,-86.5435
ABBV,Q3 2021,2.7437,11.1611,4.5307,17.4545,-41.0031,22.1657,69.3906,30.0237,23.4146,9.964,1.0149,0.4269,0.0963,0.0,-48.6829
ABBV,Q4 2021,3.7931,7.4181,4.0248,15.0685,-51.7961,27.1665,70.9794,41.6364,26.1985,8.4927,0.7935,0.2769,0.1016,1.0,116.2075
ABBV,Q1 2022,-9.0555,4.0584,-6.25,14.5455,-46.8872,33.1659,70.0694,35.9137,27.5224,7.7784,0.8151,0.1875,0.0945,1.0,126.7054
ABBV,Q2 2022,7.719,4.4702,10.7937,12.945,-29.429,6.3361,71.4051,24.4394,6.2908,8.7485,0.8441,0.2472,0.1018,0.0,-57.1721
ABBV,Q3 2022,1.5703,3.2771,4.8711,13.3127,-7.884,26.6608,66.0951,31.3462,24.6397,7.8179,0.9282,0.3617,0.1048,1.0,70.2137
ABBV,Q4 2022,2.0861,1.5787,4.0984,13.3929,-5.8394,16.3547,72.4225,37.9935,14.3055,7.0294,0.9636,0.3115,0.1089,1.0,51.7826
ABT,Q1 2021,-2.2895,35.3352,-1.4706,88.7324,32.8004,17.148,57.9093,20.1702,5.3066,1.1542,1.7507,0.6463,0.1437,0.0,-84.3064
ABT,Q2 2021,-2.2284,39.506,-8.209,192.8571,47.6649,11.6306,51.6091,13.6164,3.4941,1.1531,1.7938,0.6864,0.1395,0.0,-89.2756
ABT,Q3 2021,6.8962,23.4384,-25.2033,13.5802,13.8173,19.2167,59.526,23.298,6.0627,1.1305,1.8258,0.7229,0.1481,0.0,-81.9788
ABT,Q4 2021,4.9414,7.1676,26.087,-14.7059,-21.5431,17.3439,58.4409,20.736,5.5213,1.0874,1.8496,0.7477,0.1525,0.0,-84.9826
ABT,Q1 2022,3.7234,13.7624,23.2759,6.7164,-21.5728,20.5717,58.0748,24.4809,6.868,1.0772,1.8525,0.6069,0.1607,0.0,-81.5968
ABT,Q2 2022,-5.3636,10.1144,-22.3776,-9.7561,-29.3916,17.9266,56.1784,21.1069,5.4962,1.021,2.0139,0.7212,0.1517,0.0,-85.5214
ABT,Q3 2022,-7.5242,-4.7401,-18.9189,-2.1739,-28.1785,13.7848,55.5331,17.0029,3.999,1.0288,1.859,0.7178,0.143,0.0,-90.6354
ABT,Q4 2022,-3.0644,-12.0073,0.0,-22.4138,-19.1749,10.2368,54.4842,12.9224,2.7991,1.017,1.6285,0.638,0.1356,0.0,-94.4004
ADBE,Q1 2021,14.0479,26.3345,-0.3802,16.4444,7.4931,32.2919,88.5531,37.2343,9.309,0.8445,1.2718,0.5946,0.1563,1.0,251.0133
ADBE,Q2 2021,-1.7926,22.6023,6.1069,18.8034,8.6198,29.1004,88.4224,36.6623,8.0566,0.8468,1.3146,0.6916,0.1499,1.0,164.7614
ADBE,Q3 2021,2.6076,22.0155,4.3165,19.8347,8.2188,30.8005,88.1321,36.6201,8.4085,0.8138,1.3922,0.7467,0.1505,1.0,188.7386
ADBE,Q4 2021,4.4473,20.035,6.2069,17.1103,5.5965,30.0,87.6642,36.5207,8.3328,0.841,1.2506,0.5545,0.1509,1.0,211.4337
ADBE,Q1 2022,3.6983,9.1421,7.7922,26.7176,-17.1924,29.7044,87.9869,37.0718,9.1906,0.8857,1.0388,0.3806,0.1641,1.0,261.6892
ADBE,Q2 2022,2.9094,14.3677,-0.6024,18.705,-8.2346,26.8582,87.7109,34.8609,8.4233,0.8824,1.0708,0.4557,0.1666,1.0,156.7526
ADBE,Q3 2022,1.0716,12.6557,1.5152,15.5172,-9.3598,25.626,87.6833,33.4762,7.9037,0.8607,1.1413,0.5203,0.1658,1.0,137.4706
ADBE,Q4 2022,2.0753,10.0973,2.6866,11.6883,-9.9377,25.989,87.4475,33.2597,8.3695,0.9333,1.0987,0.5173,0.1666,1.0,98.5794
AMD,Q1 2021,6.1961,92.8891,-4.3478,131.5789,52.4803,16.1103,46.0668,19.1001,8.5688,0.5512,2.5129,0.6156,0.3429,1.0,3.9773
AMD,Q2 2021,11.7562,99.2754,22.7273,237.5,73.0833,18.4416,47.5325,21.5584,10.0495,0.5132,2.7033,0.907,0.3601,1.0,8.3889
AMD,Q3 2021,12.026,53.9807,22.2222,94.1176,-1.544,21.4004,48.3654,21.9105,12.9344,0.5629,2.2413,0.6846,0.3867,1.0,15.197
AMD,Q4 2021,11.8943,48.767,15.1515,65.2174,-3.7483,20.1823,50.2694,24.9275,12.9919,0.6565,2.0243,0.5979,0.3886,1.0,5.5658
AMD,Q1 2022,21.9851,70.8853,19.7368,106.8182,-22.0038,13.3515,47.8682,14.7444,1.4205,0.2093,2.3954,0.8493,0.088,0.0,-28.4945
AMD,Q2 2022,11.2621,70.1299,12.0879,88.8889,-29.1455,6.8244,46.229,7.9389,0.8102,0.2235,2.4374,0.8988,0.097,0.0,-72.9118
AMD,Q3 2022,-15.0382,29.0285,3.9216,60.6061,-24.9522,1.186,42.3001,-1.2938,0.121,0.2433,2.1551,0.5078,0.0821,0.0,-96.1415
AMD,Q4 2022,0.611,16.0174,-36.7925,-11.8421,-32.7495,0.3751,42.9184,-2.7505,0.0384,0.2343,2.3581,0.7591,0.0828,0.0,-98.2537
AMGN,Q1 2021,-11.0491,-4.2201,20.122,1.0256,-15.0893,27.8936,74.75,36.0786,17.6345,5.7001,1.6551,0.4749,0.0944,1.0,8.8817
AMGN,Q2 2021,10.5914,5.1563,4.5685,5.102,-0.5497,7.11,74.9157,35.7493,5.6263,6.2478,1.3095,0.4546,0.1092,0.0,-70.8201
AMGN,Q3 2021,2.7582,4.406,0.2427,10.7239,-7.5514,28.0942,76.0066,35.4608,22.9281,6.9096,1.6426,0.8064,0.1032,1.0,14.5793
AMGN,Q4 2021,2.0877,3.1957,-0.7264,25.0,-3.8561,27.7388,74.9051,33.6547,28.3433,8.1291,1.591,0.6557,0.1119,1.0,11.6948
AMGN,Q1 2022,-8.8811,5.7109,-2.1951,1.7766,9.931,23.6614,74.976,40.0769,161.1354,63.6245,1.4372,0.5066,0.1054,0.0,-20.8946
AMGN,Q2 2022,5.707,1.042,7.4813,4.6117,-4.1143,19.9727,77.1004,32.9997,54.444,23.5118,1.5313,0.4123,0.1112,0.0,-25.403
AMGN,Q3 2022,0.8796,-0.8052,6.2645,10.8959,-5.2113,32.2159,76.1275,39.988,58.6641,16.4377,1.679,0.663,0.1044,1.0,19.5701
AMGN,Q4 2022,2.8112,-0.1022,-10.262,0.2439,-3.2979,23.6292,74.4553,32.6071,44.1409,16.7878,1.4143,0.4863,0.105,0.0,-9.6599
AMZN,Q1 2021,-13.5694,43.8239,6.4795,58.5209,17.4386,7.4707,42.4953,8.1692,7.8465,2.127,1.052,0.2932,0.3359,0.0,-49.7313
AMZN,Q2 2021,4.2039,27.1819,11.4604,92.1329,-13.049,6.8783,43.2473,6.8111,6.7751,2.1386,1.1957,0.3428,0.3138,0.0,-50.8535
AMZN,Q3 2021,-2.0057,15.2551,17.2884,157.8,-22.1322,2.8481,43.2101,4.3786,2.6177,2.1718,1.1172,0.2415,0.2898,0.0,-85.11
AMZN,Q4 2021,24.0046,9.4437,-7.9131,28.1857,-34.1528,10.4234,39.7178,2.518,10.3606,2.0421,1.1358,0.2546,0.3267,0.0,-47.6716
AMZN,Q1 2022,-15.2592,7.3039,-15.2485,2.0284,-36.52,-3.3012,42.8919,3.1509,-2.8686,2.0654,0.9596,0.2609,0.2835,0.0,-114.8661
AMZN,Q2 2022,4.1136,7.2108,21.0736,10.828,-19.9711,-1.6728,45.2101,2.736,-1.5434,2.1942,0.9528,0.2671,0.2888,0.0,-107.5208
AMZN,Q3 2022,4.8394,14.6997,-97.3727,-97.5175,-0.5554,2.2596,44.7148,1.9866,2.0889,2.1156,0.9366,0.249,0.2967,0.0,-91.0823
AMZN,Q4 2022,17.3901,8.5815,28.125,-96.5459,-0.8622,0.1863,42.6021,1.8344,0.1904,2.1681,0.9446,0.3468,0.3225,0.0,-99.1579
BA,Q1 2021,-0.5685,-10.0012,-36.9128,-157.3171,16.2195,-3.5289,9.2594,-0.8017,3.0099,-9.4096,1.3343,0.0785,0.1014,0.0,-171.6641
BA,Q2 2021,11.704,43.9654,-78.7234,-89.6907,69.0051,3.4533,14.1781,5.1359,-3.5608,-10.0346,1.3499,0.0938,0.1141,0.0,-17.4215
BA,Q3 2021,-10.1188,8.0557,-225.0,-113.587,37.29,-0.7134,11.2057,1.0473,0.7641,-11.2934,1.3628,0.1138,0.104,0.0,-113.8134
BA,Q4 2021,-3.1745,-3.339,48.0,-124.8322,11.2163,-28.0065,-16.7782,-29.3585,27.9065,-10.3326,1.3253,0.0982,0.1068,0.0,-575.6735
BA,Q1 2022,-5.4215,-8.0568,-40.5405,-123.4043,1.9444,-8.7127,2.5231,-8.1695,7.984,-9.8945,1.2977,0.0907,0.103,0.0,-222.2189
BA,Q2 2022,19.2266,-1.8649,136.3636,-360.0,-45.8304,1.157,12.757,4.67,-1.3048,-10.1596,1.25,0.119,0.1231,0.0,-80.6228
BA,Q3 2022,-4.3463,4.4378,-21.1538,64.0,-3.618,-20.5252,-5.1078,-17.4981,18.571,-8.8003,1.2191,0.1506,0.116,0.0,-398.4891
BA,Q4 2022,25.2194,35.0639,0.0,10.8108,38.4029,-3.1732,9.3293,-1.6667,4.0005,-9.6509,1.2162,0.1623,0.1457,0.0,-152.8607
CAT,Q1 2021,5.8033,11.7724,15.8621,-34.1176,32.7958,12.8712,32.5986,16.3119,9.2074,3.8582,1.6021,0.4267,0.1472,0.0,-81.7695
CAT,Q2 2021,8.4294,28.9287,21.4286,195.6522,59.659,10.9628,31.0963,14.78,8.3709,3.8399,1.5612,0.3937,0.1578,0.0,-85.8997
CAT,Q3 2021,-3.8172,25.463,6.8627,67.6923,48.0136,11.5028,30.4912,14.318,8.5415,3.8388,1.6128,0.3636,0.1535,0.0,-88.1136
CAT,Q4 2021,11.3011,22.8126,6.422,60.0,37.3364,15.3645,27.504,12.4221,12.836,4.0129,1.4559,0.31,0.1667,0.0,-85.127
CAT,Q1 2022,-1.5147,14.3182,17.2414,61.9048,2.5457,11.3106,29.6563,14.4308,8.9899,3.8123,1.4415,0.221,0.1652,0.0,-88.8894
CAT,Q2 2022,4.8422,10.5361,10.6618,47.549,-18.3926,11.7428,29.9853,14.4873,10.6162,4.1467,1.4495,0.2076,0.1757,0.0,-88.3642
CAT,Q3 2022,5.2432,20.9486,8.6379,50.0,-4.5144,13.6121,31.9595,17.1802,13.0649,4.179,1.4097,0.2101,0.1853,1.0,208.5397
CAT,Q4 2022,10.6909,20.2855,3.9755,46.5517,-2.5271,8.7606,30.0235,16.8283,9.1498,4.1566,0.7649,0.1224,0.2025,1.0,117.3008
CL,Q1 2021,0.4625,6.0288,5.2632,9.589,0.5448,15.6768,60.7044,23.7569,102.7149,22.8326,1.0053,0.2192,0.2749,0.0,-70.7117
CL,Q2 2021,-1.9337,9.3149,0.0,14.2857,8.513,16.5023,60.0,23.1925,81.5545,17.5603,1.1068,0.2229,0.2663,0.0,-72.75
CL,Q3 2021,3.615,6.2846,3.75,18.5714,0.5565,14.3634,59.4246,22.3607,61.7332,14.4625,1.0909,0.2238,0.278,0.0,-68.8884
CL,Q4 2021,-0.2492,1.827,-2.4096,6.5789,-5.8691,3.3613,58.1195,21.826,15.242,14.4892,1.0854,0.2054,0.2928,0.0,-80.6813
CL,Q1 2022,-0.0908,1.2661,-1.2346,0.0,-4.7627,12.7074,58.4678,21.1639,76.7857,20.5975,1.0926,0.1921,0.2798,0.0,-79.9456
CL,Q2 2022,1.9323,5.2582,-3.75,-3.75,-4.0566,13.4478,56.9581,19.7145,108.0645,27.1559,1.1741,0.1952,0.2854,0.0,-76.13
CL,Q3 2022,-0.6467,0.9289,-1.2987,-8.4337,-5.3558,13.8721,57.1942,21.257,58.6895,14.4682,1.175,0.2088,0.2735,0.0,-65.5446
CL,Q4 2022,3.9057,5.1329,5.2632,-1.2346,3.3059,0.108,55.606,21.4301,0.6203,18.5174,1.277,0.1936,0.2943,0.0,-98.9074
CMG,Q1 2021,8.3264,23.4484,30.2139,28.496,15.6091,7.298,39.2441,9.5953,6.0596,1.9316,1.7468,0.8331,0.2832,0.0,-58.9091
CMG,Q2 2021,8.6682,38.6741,28.9528,-4930.7692,43.5194,9.9324,39.6359,13.1987,8.6458,1.9071,1.7329,0.7999,0.2994,0.0,-79.1094
CMG,Q3 2021,3.1586,21.9119,-1.1146,92.8571,7.8265,10.4714,38.621,12.5153,8.8465,1.8679,1.7846,0.8474,0.2946,0.0,-77.6462
CMG,Q4 2021,0.4261,21.9519,5.314,74.8663,10.3227,6.8078,36.5428,8.3134,5.8099,1.8959,1.2826,0.9333,0.2947,0.0,-90.125
CMG,Q1 2022,3.0554,16.0179,-13.4557,16.2218,-7.4305,7.8342,37.101,9.6277,7.4179,2.0306,1.3152,0.7387,0.3124,0.0,-91.0
CMG,Q2 2022,9.542,16.9508,59.7173,43.949,-21.7233,11.7443,39.5586,15.4644,12.0668,2.0384,0.9687,0.6264,0.3382,0.0,-84.0769
CMG,Q3 2022,0.3089,13.7201,0.2212,45.8937,-8.1918,11.5819,39.8451,15.4319,11.0484,1.9292,0.8072,0.4483,0.3257,0.0,-73.1594
CMG,Q4 2022,-1.7826,11.2191,-2.8698,34.5566,-10.7328,10.2599,39.6307,13.8547,9.4478,1.9254,0.7167,0.4165,0.3148,0.0,-81.764
COP,Q1 2021,70.6495,112.7756,34900.0,-67.5926,159.7374,9.51,56.5853,16.9185,2.2755,0.9394,2.0342,0.3941,0.1234,1.0,3540.5
COP,Q2 2021,-1.6851,196.8421,105.7143,-241.1765,253.8395,20.5969,70.4689,32.4074,4.7226,0.9289,2.107,0.8108,0.1189,0.0,-696.3462
COP,Q3 2021,14.4011,164.9783,98.6111,-1053.3333,212.2219,20.4839,64.0176,32.0045,5.3927,0.979,1.9314,0.941,0.133,1.0,530.0
COP,Q4 2021,35.793,160.6346,53.1469,218900.0,185.5415,16.6572,58.7978,32.4012,5.7856,0.9967,1.3352,0.4183,0.174,1.0,608.5357
COP,Q1 2022,17.1391,78.9076,8.2192,577.1429,-33.868,31.1735,63.4568,38.9087,11.701,0.8958,1.5129,0.5518,0.198,1.0,888.4318
COP,Q2 2022,17.6085,114.0169,62.4473,434.7222,-82.8252,23.6802,57.4999,35.0808,10.2486,0.8663,1.5439,0.5656,0.2319,1.0,759.087
COP,Q3 2022,-0.336,86.4474,-1.2987,165.7343,-78.5309,20.9061,57.2781,35.4715,9.2239,0.9323,1.4612,0.5723,0.2283,1.0,574.9808
COP,Q4 2022,-11.2219,21.8946,-12.1053,52.5114,-138.74,16.9007,54.562,27.1015,6.7683,0.9546,1.4594,0.5027,0.2049,1.0,302.2295
CRM,Q1 2021,2.5099,22.5694,1.3514,36.3636,-7.6153,7.8652,73.9225,5.9366,1.1018,0.5243,1.3342,0.5576,0.0919,0.0,-59.3307
CRM,Q2 2021,6.3223,23.0829,17.3333,23.9437,-5.7888,8.4385,74.5584,5.2366,0.9636,0.5969,0.9346,0.3622,0.0715,0.0,-53.9688
CRM,Q3 2021,8.2492,26.647,0.0,18.9189,6.5716,6.8192,73.1313,0.5537,0.8203,0.5325,1.0613,0.3161,0.0785,0.0,-64.0902
CRM,Q4 2021,6.7463,25.9412,-5.6818,12.1622,6.0278,-0.3822,72.5089,-2.4024,-0.0482,0.6378,1.0487,0.2508,0.0769,0.0,-102.2344
CRM,Q1 2022,1.1603,24.2831,-10.8434,-1.3333,1.7137,0.3778,72.4059,0.2699,0.0476,0.58,1.0257,0.3447,0.0797,0.0,-97.9343
CRM,Q2 2022,4.1695,21.7666,31.0811,10.2273,-1.3163,0.8808,72.4482,2.5,0.1131,0.5666,1.0581,0.3452,0.082,0.0,-94.9853
CRM,Q3 2022,1.5155,14.192,5.1546,15.9091,-12.4549,2.6796,73.3572,5.8696,0.3538,0.5481,1.0539,0.3334,0.0853,0.0,-84.8489
CRM,Q4 2022,6.9797,14.4417,23.5294,51.8072,-11.4995,-1.1689,74.9523,14.1341,-0.1679,0.6938,1.0195,0.271,0.0848,0.0,-108.0403
CVX,Q1 2021,23.9866,4.6154,966.6667,-66.8394,17.7307,4.4311,43.4676,5.6603,1.0359,0.8178,1.1075,0.2575,0.1286,0.0,-6.5195
CVX,Q2 2021,16.2215,125.6043,121.875,-294.5205,181.5303,8.5334,42.8829,9.1148,2.3015,0.8132,1.1715,0.2674,0.1487,1.0,108.7273
CVX,Q3 2021,17.8171,77.3222,48.5915,4120.0,108.3236,14.3613,43.9885,14.5023,4.4697,0.755,1.2759,0.2381,0.1773,1.0,313.7792
CVX,Q4 2021,7.7764,82.9756,20.3791,4133.3333,110.4818,11.0224,34.1096,10.8109,3.6123,0.7117,1.2593,0.2105,0.1915,1.0,247.6447
CVX,Q1 2022,14.0708,68.3421,9.4488,334.375,63.7267,11.9643,36.1337,13.7535,4.2549,0.6931,1.4328,0.374,0.2101,1.0,303.4198
CVX,Q2 2022,24.9608,81.0006,76.259,245.0704,-44.6037,17.7783,37.7654,19.4716,7.5193,0.6688,1.3085,0.3075,0.2534,1.0,764.7826
CVX,Q3 2022,-2.8514,49.248,2.6531,138.3886,-28.0742,17.6844,38.9825,18.9094,7.0358,0.6271,1.3964,0.4111,0.2445,1.0,868.7333
CVX,Q4 2022,2.4406,41.8591,-13.1213,72.0472,-41.1165,9.7651,49.937,28.5161,3.9646,0.6082,1.4717,0.5168,0.2524,1.0,488.2321
DAL,Q1 2021,4.4551,-51.6993,-9.5455,-293.2039,-33.7466,-28.3614,-41.0602,-63.3253,-244.1909,150.6245,0.863,0.4089,0.0568,0.0,-214.2346
DAL,Q2 2021,71.7108,385.4223,-39.6985,-72.6027,473.7121,9.1496,5.2344,-9.6548,50.8977,57.7892,0.8343,0.4394,0.0946,0.0,-280.1404
DAL,Q3 2021,28.4592,198.9549,-126.6667,-112.2137,274.576,13.2401,17.2821,4.184,46.5081,26.929,0.835,0.4199,0.1258,0.0,-360.6438
DAL,Q4 2021,3.452,138.3589,-75.0,-103.6364,203.6269,-4.3083,6.5259,2.7772,-10.4965,17.6414,0.7603,0.3784,0.1307,1.0,189.7727
DAL,Q1 2022,-1.2883,125.253,-1000.0,-63.8191,176.9523,-10.0556,7.6273,-8.3761,-31.4276,23.6566,0.6534,0.3202,0.1268,0.0,-291.6494
DAL,Q2 2022,47.8819,93.9938,-176.3889,-145.8333,-291.4285,5.3168,21.8099,10.9881,19.2863,18.6287,0.6577,0.3503,0.1848,0.0,-820.0
DAL,Q3 2022,1.0923,52.6655,176.3636,375.0,-146.2894,4.9732,20.3792,10.4186,15.1416,14.8161,0.5721,0.2715,0.1925,0.0,-167.6584
DAL,Q4 2022,-3.864,41.8691,-39.4737,1050.0,-96.4899,6.1705,31.1202,10.9416,12.595,9.9827,0.5016,0.1259,0.1859,0.0,-549.4828
DELL,Q1 2021,21.7265,3.1648,46.6667,1.5385,3.215,3.9265,23.3023,4.3692,9.7003,12.315,0.7718,0.2597,0.1855,0.0,-216.451
DELL,Q2 2021,7.0872,6.4136,-22.2222,16.6667,9.1393,3.4352,22.6324,4.204,8.3576,11.3381,0.785,0.2112,0.1972,0.0,-217.4468
DELL,Q3 2021,9.2307,12.5287,22.7273,51.2,9.7359,14.5436,20.9431,3.9585,27.0748,8.5588,0.8203,0.3215,0.1948,0.0,-710.2143
DELL,Q4 2021,5.934,50.8352,5.8201,48.1481,39.6629,0.0071,20.07,5.7481,-0.1266,-59.693,0.801,0.1686,0.3018,0.0,-100.8182
DELL,Q1 2022,-6.7019,15.6087,-11.0,-10.101,12.4439,4.1048,22.1473,5.9351,-45.5202,-38.5397,0.7798,0.1254,0.2954,0.0,-601.7857
DELL,Q2 2022,1.1832,9.2348,-19.1011,-6.4935,2.8213,1.9338,20.5828,4.8061,-18.5481,-33.2232,0.7714,0.1005,0.2977,0.0,-367.88
DELL,Q3 2022,-6.4484,-6.4449,8.3333,-17.4603,-18.9736,0.9911,23.0856,7.1275,-7.2743,-26.2886,0.7458,0.0944,0.2902,0.0,-284.1667
DELL,Q4 2022,1.2864,-10.5494,7.6923,-16.0,-61.3847,2.4522,22.9881,4.7486,-20.2975,-30.6235,0.8199,0.1666,0.2794,0.0,-554.5263
DIS,Q1 2021,10.4848,-22.1679,1000.0,-83.4586,-58.5922,0.1046,27.534,1.5939,0.0173,1.0589,1.3137,0.643,0.0805,0.0,-100.4724
DIS,Q2 2021,-3.9141,-13.3814,190.9091,-306.4516,-34.1762,5.7708,37.3471,9.2615,0.9083,1.0187,1.234,0.5964,0.078,0.0,-141.325
DIS,Q3 2021,9.0245,44.5114,1.5625,-324.1379,86.3292,5.393,34.0089,7.9603,0.9124,1.0099,1.239,0.5862,0.0842,1.0,57.8125
DIS,Q4 2021,8.8826,26.0216,47.6923,4700.0,49.1705,0.8579,33.4143,3.2319,0.1555,0.9918,1.083,0.5135,0.091,1.0,9.375
DIS,Q1 2022,17.7242,34.279,30.2083,468.1818,56.447,5.0598,33.2371,10.0646,1.0657,0.9626,1.0957,0.4809,0.1073,0.0,-184.3472
DIS,Q2 2022,-11.7787,23.2883,-6.4,82.8125,36.6697,2.4417,34.5732,8.3121,0.4519,0.9464,1.0617,0.4484,0.0951,0.0,-53.0182
DIS,Q3 2022,11.7149,26.3306,-41.0256,6.1538,-18.1808,6.5523,36.3746,11.3095,1.331,0.9278,1.0234,0.4221,0.1054,0.0,-49.2039
DIS,Q4 2022,-6.2965,8.7191,28.9855,-7.2917,-17.3025,0.804,32.7146,2.6898,0.1495,0.8789,1.0009,0.3995,0.099,0.0,-90.4565
EBAY,Q1 2021,6.4568,23.9079,15.8537,31.9444,43.3555,24.2987,77.0281,35.2161,17.0027,3.9684,1.3043,0.325,0.1408,0.0,-39.6603
EBAY,Q2 2021,1.1372,14.1635,5.2632,31.5789,27.1891,402.3238,74.8126,31.2969,82.4677,1.4449,3.9623,0.4203,0.0838,1.0,784.7667
EBAY,Q3 2021,-6.2594,10.7617,-8.0,13.5802,2.3604,10.5558,72.8908,30.9476,2.4121,1.6731,3.3527,0.2349,0.0855,0.0,-80.9118
EBAY,Q4 2021,4.4782,5.4479,6.5217,19.5122,-135.3684,75.354,73.4405,30.884,20.137,1.7231,1.9712,0.2984,0.0981,1.0,56.0667
EBAY,Q1 2022,-4.9751,-5.8757,12.2449,15.7895,-29.7836,-54.0072,72.2513,31.7358,-19.0105,2.2577,1.4751,0.3609,0.1081,0.0,-201.977
EBAY,Q2 2022,-2.4567,-9.2204,-10.9091,-2.0,-23.3838,-21.924,72.6259,25.2271,-10.1278,2.7484,1.2757,0.4386,0.1232,0.0,-145.9135
EBAY,Q3 2022,-1.7341,-4.8381,-7.1429,-1.087,-15.5998,-2.8992,72.8151,26.7647,-1.4218,2.9351,1.3309,0.5126,0.1246,0.0,-105.3122
EBAY,Q4 2022,5.4622,-3.9418,14.2857,6.1224,-9.3898,26.7729,72.8685,25.7371,13.0409,3.0462,1.5448,0.5043,0.1204,0.0,-34.6497
F,Q1 2021,0.7677,5.5594,-113.3333,-90.4762,20.4868,9.0041,19.1316,6.8014,9.6015,6.677,1.2088,0.2316,0.1389,0.0,-58.6061
F,Q2 2021,-26.1566,38.1034,-1400.0,-77.7778,88.2462,2.097,14.384,-0.0822,1.6128,6.145,1.2133,0.275,0.1076,0.0,-90.8766
F,Q3 2021,33.3844,-4.8479,-207.6923,27.2727,-6.2293,5.1341,15.7666,3.7609,4.9913,5.8842,1.2014,0.3081,0.1412,0.0,-75.7354
F,Q4 2021,5.5909,4.8008,0.0,-286.6667,14.2759,32.5973,14.0268,1.9614,25.2602,4.2864,1.2014,0.2264,0.1466,1.0,53.03
F,Q1 2022,-8.4983,-4.836,57.1429,2100.0,-10.3955,-9.0208,15.7791,3.8955,-6.8982,4.6114,1.1748,0.2326,0.1363,0.0,-143.736
F,Q2 2022,16.5738,50.2318,4.5455,-276.9231,12.1284,1.6596,17.4148,7.1361,1.5078,4.5554,1.1621,0.2257,0.1635,0.0,-88.4028
F,Q3 2022,-1.9856,10.3943,13.0435,85.7143,15.2422,-2.0994,12.7894,1.2794,-1.9649,4.8666,1.1988,0.239,0.1595,0.0,-113.1859
F,Q4 2022,11.6953,16.7764,17.3077,117.8571,11.9755,2.9296,14.0526,3.5478,2.9861,4.9278,1.2024,0.2595,0.1719,0.0,-80.8869
GILD,Q1 2021,-13.4483,15.7714,-5.0505,21.2903,10.7156,26.9189,78.8105,45.9598,9.1173,2.559,1.3682,0.4189,0.0952,1.0,137.3448
GILD,Q2 2021,-3.2072,20.8828,-7.4468,7.4074,30.4166,24.4813,77.6419,38.3465,7.722,2.4492,1.3633,0.479,0.0914,1.0,101.9667
GILD,Q3 2021,19.3663,12.8326,-5.7471,-0.6061,-4.53,34.9279,83.5197,52.6479,12.0721,2.1251,1.3656,0.4258,0.1106,1.0,194.8143
GILD,Q4 2021,-2.3851,-2.3851,-6.0976,-22.2222,-28.6141,5.2733,63.7355,22.2115,1.8135,2.226,1.2724,0.4598,0.1066,0.0,-54.6119
GILD,Q1 2022,-9.0282,2.6,11.6883,-8.5106,-13.1714,0.2883,78.3915,44.0819,0.0954,2.1675,1.4757,0.502,0.1045,0.0,-97.8429
GILD,Q2 2022,-5.0076,0.6917,-9.8837,-10.9195,-20.1911,18.2748,76.9649,37.6837,5.6592,2.1101,1.429,0.514,0.0996,1.0,12.4444
GILD,Q3 2022,12.492,-5.1071,1.2903,-4.2683,-17.9397,25.4047,80.1903,46.6487,8.496,1.9708,1.3004,0.4508,0.1126,1.0,63.8506
GILD,Q4 2022,4.9276,2.0017,-8.9172,-7.1429,4.3868,22.1952,81.1071,32.8191,7.7326,1.9785,1.2853,0.4816,0.117,1.0,47.0674
GM,Q1 2021,-13.4442,-0.7185,-21.7742,-14.9123,5.5004,9.3059,15.6433,10.0911,5.5508,3.3791,1.0756,0.2831,0.1362,0.0,-0.1602
GM,Q2 2021,5.2134,103.6417,-22.6804,-157.6923,157.1137,8.3004,14.6545,8.435,4.9001,3.1779,1.1042,0.3064,0.1413,0.0,-1.3949
GM,Q3 2021,-21.6232,-24.5237,36.0,-23.8806,-24.5434,9.0369,14.1641,6.1429,4.0119,2.9548,1.0812,0.2413,0.1123,0.0,-45.2943
GM,Q4 2021,25.4117,-10.4856,-10.7843,-26.6129,-32.1946,5.184,37.4583,4.526,2.6453,2.7183,1.1034,0.2697,0.1372,0.0,-52.9891
GM,Q1 2022,7.1314,10.7932,74.7253,63.9175,11.5117,8.1659,18.4163,6.1036,4.3999,2.7662,1.1136,0.2055,0.1431,0.0,-30.7055
GM,Q2 2022,-0.6115,4.6595,0.0,112.0,-98.9822,4.7317,18.1716,5.9174,2.4789,2.7142,0.9537,0.1749,0.1411,0.0,-61.3167
GM,Q3 2022,17.1397,56.4211,25.1572,95.098,80.9448,7.8901,19.5474,8.0954,4.7371,2.7342,1.1426,0.2412,0.1608,0.0,-3.2839
GM,Q4 2022,2.9125,28.3587,-20.603,73.6264,38.8444,4.6349,19.7875,6.0546,2.7641,2.6528,1.1017,0.2101,0.1633,0.0,-35.2488
GME,Q1 2021,-39.8332,25.0539,-295.1807,54.2857,59.085,-5.2318,25.8537,-3.1485,-7.5952,1.9138,1.3607,0.5704,0.4982,0.0,-123.7113
GME,Q2 2021,-7.3152,25.6263,-135.1852,137.5,52.3588,-5.2053,27.1168,-4.9011,-3.3261,0.9146,2.2247,1.4405,0.3337,0.0,-125.7067
GME,Q3 2021,9.5657,29.0534,28.0702,-42.5197,59.2099,-8.129,24.572,-7.9361,-6.006,1.1437,1.8999,0.9215,0.3447,0.0,-133.8922
GME,Q4 2021,73.8316,6.2108,-69.863,-73.494,9.4924,-6.5442,16.7798,-7.1299,-9.2044,1.1837,1.9184,0.9385,0.6441,0.0,-150.7473
GME,Q1 2022,-38.8438,7.9574,-450.0,-52.4691,-17.0965,-11.4553,21.6555,-11.1506,-10.8844,1.1545,2.0673,0.9184,0.441,0.0,-129.7358
GME,Q2 2022,-17.5856,-4.0054,-120.7792,-71.9298,-29.6317,-9.5687,24.8415,-9.2694,-8.0908,1.0837,2.1656,0.9748,0.4058,0.0,-120.434
GME,Q3 2022,4.4366,-8.4992,906.25,120.5479,-37.5526,-7.9821,24.5786,-8.117,-7.6064,1.6687,1.6251,0.5059,0.3571,0.0,-114.2211
GME,Q4 2022,87.6601,-1.2201,-81.9876,31.8182,-7.4309,2.1649,22.4488,2.0841,3.6452,1.3545,1.7353,0.8506,0.7151,0.0,-90.8987
GOOG,Q1 2021,-2.7839,34.391,11.1433,26.1084,21.127,32.4149,56.4251,29.7158,7.7952,0.4221,3.1042,0.4801,0.1691,0.0,-21.8944
GOOG,Q2 2021,11.8704,61.5792,19.401,120.1681,63.2406,29.937,57.6164,31.288,7.7979,0.4118,3.152,0.4239,0.1845,0.0,-27.1263
GOOG,Q3 2021,5.2327,41.0305,21.4286,113.11,27.0202,29.0795,57.5832,32.2968,7.7427,0.4205,2.98,0.3839,0.1874,0.0,-26.6959
GOOG,Q4 2021,15.6746,32.386,18.8145,91.4616,8.8961,27.4039,56.2058,29.0541,8.2032,0.4277,2.9281,0.326,0.2097,0.0,-31.7965
GOOG,Q1 2022,-9.7099,22.9544,-2.9478,67.1875,-11.4366,24.1667,56.4791,29.5452,6.4708,0.4059,2.871,0.3372,0.1905,0.0,-37.3636
GOOG,Q2 2022,2.4614,12.6131,3.933,45.5289,-48.9661,22.9633,56.7999,27.9156,6.265,0.3906,2.8095,0.2923,0.1962,0.0,-42.7934
GOOG,Q3 2022,-0.851,6.1028,-95.2791,-94.3422,-34.9277,20.1326,54.9036,24.8003,5.4845,0.4125,2.5176,0.3332,0.1929,0.0,-44.6373
GOOG,Q4 2022,10.0677,0.9598,-2.381,-95.3515,-31.4262,17.915,53.5267,23.8797,5.3189,0.426,2.378,0.3157,0.2082,0.0,-49.866
HD,Q1 2021,16.2394,32.6964,-12.6712,20.8531,25.5738,11.0533,33.9787,15.416,237.1281,40.5143,1.105,0.2395,0.5168,0.0,-12.2404
HD,Q2 2021,9.648,8.0546,11.3725,20.8511,-15.3379,11.6907,33.2336,16.1462,232.3345,33.2044,1.0599,0.1712,0.581,1.0,3.7329
HD,Q3 2021,-10.4528,9.7925,50.3521,39.5425,-13.3975,11.214,34.12,15.7387,398.9372,69.5614,1.1324,0.1883,0.5042,0.0,-12.5991
HD,Q4 2021,-2.9902,10.7188,-22.7166,13.0137,-14.4111,9.3844,33.2092,13.5082,-197.6415,-43.3797,1.0126,0.0817,0.497,0.0,-25.5152
HD,Q1 2022,8.928,3.7547,-3.0303,25.4902,-28.9417,10.8744,33.7848,15.2385,-247.5717,-45.8022,1.1145,0.0936,0.5082,0.0,-25.4826
HD,Q2 2022,12.5527,6.5032,14.0625,28.5211,-1.5513,11.8127,33.0723,16.4642,2182.7004,318.9367,1.1835,0.0452,0.5775,0.0,-4.4102
HD,Q3 2022,-11.2349,5.5731,35.3425,15.6909,-4.2194,11.1623,34.0193,15.816,334.2835,58.2188,1.3872,0.1014,0.5057,0.0,-23.2148
HD,Q4 2022,-7.8231,0.3136,-17.004,24.2424,-10.4053,9.3829,33.284,13.2623,215.2369,47.9405,1.4051,0.1193,0.4687,0.0,-37.7127
IBM,Q1 2021,584.6833,-24.9459,-33.9844,-13.3333,-21.58,7.242,53.2873,5.4827,4.4394,5.9091,0.9315,0.2882,0.0887,0.0,-55.5783
IBM,Q2 2021,7.8183,-21.5472,33.1361,5.1402,-16.13,9.3332,55.2328,9.5864,6.014,5.6537,0.8404,0.2007,0.0968,0.0,-31.5551
IBM,Q3 2021,-6.8012,-24.543,10.2222,-2.3622,-21.958,8.5277,53.6261,9.0106,5.0541,5.4503,0.8363,0.2081,0.0919,0.0,-47.0756
IBM,Q4 2021,25.9829,766.7705,53.2258,48.4375,784.6033,13.9691,56.9067,17.8028,12.2763,5.9489,0.8786,0.1978,0.1265,1.0,25.0425
IBM,Q1 2022,-14.9575,7.6591,-60.2632,-10.6509,32.605,5.1631,51.6658,7.4593,3.8355,5.9737,0.92,0.4901,0.1065,0.0,-68.4903
IBM,Q2 2022,9.4245,9.2629,50.9934,1.3333,30.8101,8.9604,53.3634,11.3421,7.1487,5.5479,0.8759,0.4287,0.1218,0.0,-39.298
IBM,Q3 2022,-9.1986,6.4523,-9.2105,-16.5323,30.9954,-22.6641,52.6655,10.1163,-15.8668,5.2459,0.9519,0.2566,0.1121,0.0,-238.1289
IBM,Q4 2022,18.3255,-0.018,74.8792,-4.7368,-766.7885,16.2363,57.7137,19.5495,12.3053,4.7778,0.9243,0.2503,0.1312,1.0,37.7265
ISRG,Q1 2021,-2.7838,17.5171,-0.3425,-1.6892,4.5973,32.9928,69.8553,32.2576,4.1834,0.1325,6.7062,1.5496,0.112,0.0,-56.2473
ISRG,Q2 2021,13.3039,71.8108,2.7491,104.7945,94.2696,35.3279,69.9249,34.918,4.7539,0.1303,5.9891,1.6081,0.1191,0.0,-52.9579
ISRG,Q3 2021,-4.1462,30.2125,16.0535,72.6368,34.6886,27.1147,69.2225,31.5399,3.3204,0.1287,5.5758,1.3109,0.1085,0.0,-66.9845
ISRG,Q4 2021,10.5038,16.6729,-63.4006,-56.5068,12.6501,24.5438,68.4078,29.0449,3.1845,0.1342,5.0834,1.1227,0.1144,0.0,-68.5625
ISRG,Q1 2022,-4.0627,15.1381,-2.3622,-57.3883,-2.3789,24.5748,67.8699,27.4316,3.0073,0.1252,5.2178,0.9918,0.1088,0.0,-67.5333
ISRG,Q2 2022,2.3123,3.9686,-2.4194,-59.5318,-67.8422,20.2221,67.2295,26.1218,2.5475,0.1343,5.3553,1.3073,0.1111,0.0,-75.3725
ISRG,Q3 2022,2.3192,10.9813,-2.4793,-65.9942,-19.2312,20.8039,67.5549,25.6132,2.7994,0.1457,5.1022,1.247,0.1174,0.0,-75.0847
ISRG,Q4 2022,6.2669,6.726,5.0847,-2.3622,-9.9469,19.6314,67.1239,22.5076,2.9237,0.1675,4.397,1.1119,0.1276,0.0,-76.0656
JNJ,Q1 2021,-0.6852,7.8778,26.3736,3.139,4.5313,27.7631,68.3572,29.7836,9.4131,1.6211,1.2834,0.3096,0.1294,1.0,42.7152
JNJ,Q2 2021,4.4398,27.1379,-1.3043,57.6389,37.9637,26.9303,67.4545,26.8445,9.0227,1.5358,1.3886,0.3701,0.1321,1.0,48.1739
JNJ,Q3 2021,0.1115,10.7011,4.8458,19.598,8.9981,15.7126,68.9348,28.5629,5.2183,1.5505,1.344,0.3951,0.1302,0.0,-12.3962
JNJ,Q4 2021,-58.1412,-56.5339,-10.9244,16.4835,-64.8628,48.4799,84.6248,14.0342,6.398,1.4589,1.3483,0.3203,0.0537,1.0,4.593
JNJ,Q1 2022,139.7994,4.9505,22.1698,12.6087,-2.9273,21.9799,67.566,27.4396,6.8921,1.3873,1.3926,0.2411,0.1313,1.0,41.8913
JNJ,Q2 2022,2.5356,3.0371,-1.5444,12.3348,-24.1008,20.0416,67.0316,25.6953,6.3046,1.3275,1.4245,0.245,0.1352,1.0,7.0585
JNJ,Q3 2022,-47.5229,-45.9894,0.3922,7.563,-56.6904,35.3669,76.2396,28.6156,5.976,1.3475,1.4324,0.2493,0.072,0.0,-5.8167
JNJ,Q4 2022,58.1833,104.1048,-12.8906,5.1887,160.6387,17.6538,69.4869,24.1035,4.5831,1.4397,0.9909,0.231,0.1064,0.0,-15.5283
KO,Q1 2021,4.7497,4.8715,25.0,4.1667,-2.3729,24.8891,61.1419,30.1774,10.0528,3.0298,1.3303,0.5146,0.1002,0.0,-92.1976
KO,Q2 2021,12.2949,41.6643,10.0,27.907,70.1429,26.0736,62.6123,29.7759,10.8885,2.7186,1.4694,0.6006,0.1123,0.0,-88.9495
KO,Q3 2021,-0.8589,16.0656,5.4545,28.8889,25.059,24.6067,60.3963,28.8588,10.2391,2.7544,1.5159,0.7068,0.1108,0.0,-87.5587
KO,Q4 2021,-5.7558,9.9059,-31.0345,0.0,14.9456,25.5072,56.8047,17.6669,9.7104,2.7954,1.1301,0.4854,0.1003,0.0,-88.3938
KO,Q1 2022,10.8516,16.3082,42.5,14.0,11.4367,26.5084,61.0047,32.4564,10.361,2.5045,1.1793,0.4088,0.1115,0.0,-89.6194
KO,Q2 2022,7.9497,11.8077,19.2982,23.6364,-29.8567,16.8212,57.351,20.6711,7.6805,2.7564,1.1271,0.4372,0.1216,0.0,-91.8556
KO,Q3 2022,-2.3135,10.1673,-5.8824,10.3448,-5.8984,25.5356,58.7273,27.9129,11.5608,2.7842,1.1259,0.4724,0.1196,0.0,-86.5227
KO,Q4 2022,-8.4787,6.9844,-29.6875,12.5,-2.9216,20.0593,55.4272,20.4938,7.8642,2.5918,1.1454,0.4826,0.1091,0.0,-91.0439
LLY,Q1 2021,-8.5269,16.1405,-16.0099,12.9139,1.0664,19.9145,72.3963,24.6694,19.0906,5.5976,1.4175,0.2563,0.1453,1.0,11.291
LLY,Q2 2021,-0.9624,22.5606,11.437,15.8537,24.9965,20.6258,71.0212,21.4567,20.8629,6.1748,1.1459,0.2133,0.141,1.0,24.3659
LLY,Q3 2021,0.4852,17.9807,2.1053,9.6045,13.1602,16.3906,78.8743,30.3981,13.9563,5.0581,1.3016,0.2769,0.1406,1.0,26.1413
LLY,Q4 2021,18.1181,7.5255,19.0722,13.7931,-14.1624,21.5765,74.3722,30.7429,18.8546,4.3312,1.2259,0.2537,0.1639,1.0,55.5517
LLY,Q1 2022,-2.3738,14.7584,-14.2857,16.129,-1.382,24.3649,73.4686,32.9052,20.111,3.9587,1.2673,0.1837,0.1665,1.0,39.5385
LLY,Q2 2022,-16.927,-3.7403,7.5758,12.1053,-26.3009,14.6809,77.9516,25.4393,10.9999,4.4351,1.0957,0.1679,0.1379,0.0,-4.6847
LLY,Q3 2022,6.9914,2.4923,-9.3897,-0.5155,-15.4884,20.913,77.2516,28.0252,14.2801,3.6687,1.1269,0.1672,0.1463,1.0,79.0889
LLY,Q4 2022,5.189,-8.7264,0.5181,-16.0173,-16.2519,26.5373,78.7984,28.96,17.9826,3.5929,1.0523,0.1206,0.1475,1.0,105.8222
LOW,Q1 2021,20.2403,24.1271,-36.0656,28.5714,13.2258,9.5037,33.2897,13.2872,521.573,114.0562,1.1714,0.2923,0.477,1.0,280.3059
LOW,Q2 2021,12.89,0.9816,107.6923,73.5714,-29.0775,10.9467,33.7758,15.2702,-1724.5714,-283.3086,1.102,0.2124,0.5581,1.0,345.9271
LOW,Q3 2021,-16.8734,2.7298,59.6708,77.1689,-25.5713,8.273,33.105,12.1695,-120.3046,-32.3452,1.1927,0.2938,0.4639,1.0,149.2243
LOW,Q4 2021,-6.8898,5.0613,-42.268,22.4044,-21.6686,5.6563,32.9303,8.6649,-25.0623,-10.2691,1.0199,0.0576,0.478,1.0,101.069
LOW,Q1 2022,10.8721,-3.1242,-23.6607,46.1538,-27.2513,9.8609,34.0251,13.9566,-33.9247,-8.2306,1.1731,0.1564,0.4758,1.0,97.4804
LOW,Q2 2022,16.1334,-0.341,90.0585,33.7449,-1.3226,10.8895,33.2399,15.3916,-35.4418,-6.5348,1.113,0.0728,0.588,1.0,126.5556
LOW,Q3 2022,-14.5472,2.4479,44.0,20.6186,-0.282,0.6559,33.2978,3.9354,-1.1968,-4.6504,1.1971,0.1529,0.4998,0.0,-86.9529
LOW,Q4 2022,-4.4039,5.183,-33.9744,37.9464,0.1217,4.2682,32.3324,7.5919,-6.7209,-4.0664,1.099,0.0691,0.5135,1.0,40.0614
MRK,Q1 2021,-2.932,-11.8603,22.2222,19.5652,-23.3341,29.9144,69.8974,26.6209,11.7571,2.3599,1.0208,0.2648,0.117,0.0,-69.5812
MRK,Q2 2021,7.2927,21.9074,-2.4242,49.0741,42.3751,13.5503,72.7767,14.8746,4.6274,1.7162,1.3085,0.3914,0.1257,0.0,-84.4442
MRK,Q3 2021,15.3657,20.3587,-1.2422,16.9118,32.2003,34.7195,73.7722,37.4259,12.7346,1.607,1.3089,0.4221,0.1407,0.0,-56.293
MRK,Q4 2021,2.79,23.502,8.1761,27.4074,-140.3688,27.7938,71.3483,27.7272,9.823,1.7627,1.2678,0.3391,0.1279,0.0,-63.7293
MRK,Q1 2022,17.6022,49.6283,-19.7674,-16.3636,61.4886,27.1052,66.1656,35.3563,10.5243,1.6046,1.3974,0.3834,0.1491,0.0,-57.4838
MRK,Q2 2022,-8.2259,27.9863,23.913,6.2112,6.0789,27.0267,71.1094,34.7221,9.1048,1.4723,1.3862,0.4176,0.1363,0.0,-63.8445
MRK,Q3 2022,2.5081,13.7221,5.2632,13.2075,-6.6366,21.7127,73.7015,27.4484,7.2949,1.405,1.4593,0.4846,0.1397,0.0,-72.0022
MRK,Q4 2022,-7.5473,2.2853,-11.6667,-7.5581,-21.2167,21.8149,71.9378,25.2133,6.5504,1.3701,1.4737,0.5237,0.1267,0.0,-71.0535
NEE,Q1 2021,-15.2218,-19.2283,-60.6452,-69.5,-31.988,44.7128,75.6844,17.5792,3.6431,1.8962,0.5219,0.0926,0.0281,0.0,-70.8144
NEE,Q2 2021,5.3945,-6.589,13.1148,-72.2892,8.9255,6.519,71.9124,13.1653,0.5675,1.9927,0.4793,0.0526,0.0291,0.0,-95.6355
NEE,Q3 2021,11.2809,-8.6729,5.7971,-73.3577,5.4513,10.2288,68.3524,8.3753,0.9994,2.1115,0.4679,0.0338,0.0314,0.0,-93.4726
NEE,Q4 2021,15.4691,14.8123,-36.9863,-70.3226,19.0189,23.8605,77.5268,25.7233,2.6364,2.0855,0.5327,0.0366,0.0358,0.0,-51.9685
NEE,Q1 2022,-42.7269,-22.4369,43.4783,8.1967,-3.2087,-15.6055,52.7336,-27.6125,-1.3755,3.4208,0.49,0.0659,0.0199,0.0,-118.4274
NEE,Q2 2022,79.3426,31.9837,13.6364,8.6957,38.5727,26.6255,69.3421,18.2713,4.151,3.5652,0.5344,0.1067,0.0342,0.0,-42.2149
NEE,Q3 2022,29.6353,53.7529,1.3333,4.1096,62.4258,25.2419,71.2308,25.1674,3.6281,2.3459,0.4638,0.0902,0.043,0.0,-27.178
NEE,Q4 2022,-8.2602,22.1562,-26.3158,21.7391,7.3439,24.6918,75.6489,27.904,3.0787,2.215,0.5053,0.06,0.0388,0.0,-36.3629
NFLX,Q1 2021,7.8086,24.1967,110.7692,69.1358,-3.3791,23.8259,45.9953,27.3597,13.2467,2.1142,1.2695,1.0555,0.1785,0.0,-80.6482
NFLX,Q2 2021,2.4918,19.4118,10.9489,68.8889,-5.4743,18.429,45.272,25.166,9.7593,1.9552,1.2261,0.9929,0.1792,0.0,-85.4619
NFLX,Q3 2021,1.9299,16.2817,-20.3947,18.6275,-6.421,19.3636,43.7882,23.4551,9.462,1.7908,1.1698,0.9351,0.1751,0.0,-85.9657
NFLX,Q4 2021,3.018,16.0266,-62.3967,-30.0,-5.501,7.8792,32.0358,8.1949,3.8325,1.813,0.9506,0.7101,0.1729,0.0,-95.0683
NFLX,Q1 2022,2.0553,9.8347,263.7363,20.8029,-14.362,20.3037,45.541,25.0595,9.1054,1.5838,1.0463,0.7764,0.1736,0.0,-82.7656
NFLX,Q2 2022,1.3012,8.5587,-9.3656,-1.3158,-10.853,18.0794,41.1459,19.8024,7.5537,1.4298,1.0454,0.7759,0.172,0.0,-86.0302
NFLX,Q3 2022,-0.559,5.908,-29.0,-11.9835,-10.3737,17.6421,39.5797,19.3426,6.8113,1.3169,1.1353,0.7873,0.1666,0.0,-86.1542
NFLX,Q4 2022,-0.9278,1.8515,-74.6479,-40.6593,-14.1751,0.7041,31.1752,7.0033,0.2661,1.3388,1.1684,0.649,0.1616,0.0,-99.5618
NOW,Q1 2021,8.8,30.0191,15.3153,37.6344,-2.5662,6.0294,78.0147,7.1324,2.7,1.9048,1.2347,0.497,0.1542,0.0,-95.5638
NOW,Q2 2021,3.6029,31.5593,-5.4688,28.7234,3.1272,4.1874,76.6501,3.6196,1.8015,1.8052,1.0811,0.3485,0.1534,0.0,-96.5517
NOW,Q3 2021,7.3101,31.25,10.7438,27.619,1.2029,4.1667,76.8519,4.8942,1.7827,1.6819,1.1308,0.3692,0.1595,0.0,-96.1402
NOW,Q4 2021,6.746,29.12,9.7015,32.4324,-2.274,1.6109,76.8278,2.1685,0.7037,1.9223,1.0548,0.3492,0.1495,0.0,-98.3052
NOW,Q1 2022,6.6914,26.6176,14.966,32.0313,-3.4015,4.3554,78.5714,5.0523,1.8764,1.7503,1.1216,0.4641,0.1566,0.0,-95.6163
NOW,Q2 2022,1.7422,24.3435,-1.1834,38.0165,-7.2158,1.1416,77.7968,1.2557,0.4769,1.6471,1.1242,0.3508,0.1578,0.0,-98.7161
NOW,Q3 2022,4.5091,21.0979,10.1796,37.3134,-10.1521,4.3692,78.154,4.97,1.7687,1.4554,1.2356,0.2816,0.1649,0.0,-94.9554
NOW,Q4 2022,5.953,20.1983,9.2391,36.7347,-8.9217,7.732,78.6082,7.9897,2.9809,1.6429,1.1081,0.2448,0.1459,0.0,-89.6993
NVDA,Q1 2021,13.1521,83.7987,20.1835,57.8313,45.06,33.775,64.1053,34.5522,10.1843,0.6404,4.5272,0.2443,0.1838,0.0,-97.1898
NVDA,Q2 2021,14.9444,68.3135,22.9008,109.0909,18.4104,36.4838,64.7764,37.5596,11.2262,0.8277,5.8017,1.2653,0.1684,0.0,-96.636
NVDA,Q3 2021,9.1594,50.2962,8.6957,89.1892,-6.5054,34.6896,65.1978,37.6038,10.3538,0.7074,7.1445,0.3566,0.1748,0.0,-96.3603
NVDA,Q4 2021,7.6024,52.7683,-69.7143,-51.3761,-8.3589,39.2909,65.4063,38.8591,11.2844,0.6604,6.6503,0.4591,0.173,0.0,-96.3994
NVDA,Q1 2022,8.4391,46.4052,5.6604,-57.2519,-37.3935,19.5222,65.5285,38.8634,6.1474,0.7178,5.3173,0.6988,0.1833,0.0,-98.0888
NVDA,Q2 2022,-19.112,3.0275,8.9286,-62.1118,-65.286,9.7852,43.4815,7.4433,2.7504,0.8228,3.6205,0.3979,0.1542,0.0,-99.2911
NVDA,Q3 2022,-11.5304,-16.5001,7.377,-62.5714,-66.7963,11.4652,53.566,10.1332,3.1852,0.8965,3.3877,0.4085,0.1465,0.0,-99.2368
NVDA,Q4 2022,2.0233,-20.8295,-29.771,-13.2075,-73.5979,23.368,63.3449,20.7569,6.3979,0.8634,3.5156,0.5164,0.1469,0.0,-98.3018
PEP,Q1 2021,-34.0013,6.7646,-22.6027,10.7843,-0.9736,11.5655,54.9865,15.6005,12.1967,5.4914,0.934,0.2495,0.1625,0.0,-87.4037
PEP,Q2 2021,29.6694,20.5205,35.3982,22.4,23.5846,12.2704,53.7909,16.2825,15.3137,4.9998,0.9142,0.2307,0.208,0.0,-84.4522
PEP,Q3 2021,5.058,11.5969,11.7647,16.3265,6.3433,11.0159,53.4697,15.6471,13.9087,4.832,0.9455,0.2594,0.2165,0.0,-87.5151
PEP,Q4 2021,25.0582,12.4382,-9.9415,5.4795,3.6446,5.2361,51.9566,10.1473,8.1853,4.7196,0.8308,0.2134,0.2733,0.0,-91.941
PEP,Q1 2022,-35.8365,9.3117,-18.8312,10.6195,2.5471,26.3025,54.1173,13.5,23.2587,4.0743,0.8652,0.2541,0.1743,0.0,-69.3738
PEP,Q2 2022,24.8457,5.2454,39.2,13.7255,-15.2752,7.0655,53.4487,16.9246,7.6524,3.9857,0.8314,0.1985,0.2172,0.0,-91.5164
PEP,Q3 2022,8.6329,8.8266,5.1724,7.0175,-2.7703,12.298,53.0836,15.3293,14.1207,3.9366,0.9177,0.2501,0.2326,1.0,511.875
PEP,Q4 2022,27.4225,10.884,-10.3825,6.4935,-1.5542,1.8503,52.0646,8.4976,2.9989,4.3371,0.8041,0.185,0.3037,0.0,-8.439
PFE,Q1 2021,27.0325,43.9651,49.1228,25.0,67.1012,33.5974,71.3626,32.5847,7.0817,1.3061,1.4833,0.0663,0.0914,1.0,0.3908
PFE,Q2 2021,30.1943,91.5957,12.9412,50.0,117.229,29.4407,62.9822,30.8164,7.913,1.4166,1.3687,0.0665,0.1112,1.0,11.9551
PFE,Q3 2021,27.176,133.8718,11.4583,52.8571,152.8229,33.8922,58.6769,31.4333,10.7232,1.3588,1.385,0.047,0.1341,1.0,17.9268
PFE,Q4 2021,-0.8196,108.6112,-18.6916,52.6316,-411.4105,14.2336,59.1576,23.4709,4.3803,1.3428,1.3989,0.0456,0.1314,0.0,-62.472
PFE,Q1 2022,7.6475,76.7773,105.7471,110.5882,32.8123,30.6457,61.0927,37.4031,9.5108,1.2234,1.3859,0.0629,0.1396,0.0,-26.6859
PFE,Q2 2022,8.1096,46.7908,15.6425,115.625,-44.8049,35.704,68.827,44.73,11.324,1.2327,1.423,0.0375,0.1421,0.0,-16.0664
PFE,Q3 2022,-18.3981,-5.8124,-7.7295,78.5047,-139.6841,38.0334,73.2176,42.9587,9.2686,1.103,1.5888,0.0293,0.1159,0.0,-46.4948
PFE,Q4 2022,11.0301,5.4409,-40.3141,31.0345,-103.1703,19.8647,61.6153,24.257,5.2057,1.056,0.9867,0.008,0.1275,0.0,-24.0085
QCOM,Q1 2021,-1.33,62.2021,-10.1124,81.8182,57.3487,29.8118,57.6321,30.674,33.2656,4.0785,2.1459,0.7672,0.2197,0.0,-15.102
QCOM,Q2 2021,-3.643,52.1281,-1.875,106.5789,47.4312,22.2054,56.7486,27.2968,23.7338,4.0065,2.0175,0.6615,0.2135,0.0,-45.2394
QCOM,Q3 2021,1.5753,64.7251,33.121,84.9558,113.9415,25.1489,57.7667,27.2333,24.789,3.7412,1.7184,0.6456,0.2079,0.0,-58.1382
QCOM,Q4 2021,15.8313,11.862,29.6651,52.2472,-61.5074,29.97,57.8299,31.084,28.1206,3.1447,1.6301,0.5778,0.2264,0.0,-25.0333
QCOM,Q1 2022,14.6637,29.9939,-6.2731,58.75,-32.2082,31.7515,59.8038,36.0953,29.9921,2.7783,1.6477,0.5383,0.25,0.0,-5.9188
QCOM,Q2 2022,4.2877,40.6931,4.3307,68.7898,-11.4349,26.2809,58.3662,34.5575,22.0138,2.324,1.6088,0.534,0.252,0.0,-28.4849
QCOM,Q3 2022,-2.0423,35.6824,19.2453,51.1962,-29.0427,34.1075,55.962,40.8925,23.2428,1.93,1.6061,0.2262,0.2326,0.0,-32.7045
QCOM,Q4 2022,4.1971,22.0544,2.2152,19.1882,10.1924,25.2128,57.2795,32.172,15.9496,1.721,1.7256,0.2309,0.2325,0.0,-37.2659
SYK,Q1 2021,-7.2501,10.1728,-20.4,-4.3269,8.125,7.6398,63.4708,11.7632,2.2367,1.4778,2.2714,0.5662,0.1182,0.0,-83.5195
SYK,Q2 2021,8.6264,55.3546,5.5276,94.4444,79.6285,13.7867,64.5552,18.817,4.2836,1.4384,2.1242,0.527,0.1274,0.0,-74.9952
SYK,Q3 2021,-3.1206,11.3192,10.9524,66.4286,7.1375,10.5288,63.5096,14.1827,3.0893,1.4083,2.1263,0.5761,0.1218,0.0,-81.2963
SYK,Q4 2021,13.0048,10.3003,19.3133,11.2,7.1292,14.0821,64.7735,17.5282,4.4498,1.3278,2.202,0.6472,0.1357,0.0,-73.2217
SYK,Q1 2022,-9.0619,8.1457,-24.8201,5.0251,-2.0271,7.5556,63.9532,10.7836,2.1467,1.4018,1.9794,0.3308,0.1183,0.0,-84.8746
SYK,Q2 2022,5.0994,4.6344,11.0048,10.4762,-50.7202,14.6005,62.8978,17.2713,4.1853,1.2988,2.0039,0.2371,0.1247,0.0,-80.8175
SYK,Q3 2022,-0.3116,7.6683,-2.1552,-2.5751,-3.651,18.2184,62.1121,17.9504,4.9566,1.1857,2.0385,0.3107,0.1245,0.0,-76.1921
SYK,Q4 2022,16.142,10.6573,24.6696,1.7986,0.357,10.8228,62.2068,20.569,3.3883,1.2198,1.6302,0.2926,0.141,0.0,-83.1148
T,Q1 2021,158.7539,2.7116,4.0541,-12.5,7.2803,17.1829,52.0085,17.4355,4.1239,1.9877,0.8192,0.1481,0.0803,0.0,-10.4872
T,Q2 2021,-18.66,-12.7228,0.0,-7.2289,-3.8099,4.3928,54.7902,21.1863,0.873,2.0288,0.7655,0.1445,0.0656,0.0,-91.3004
T,Q3 2021,-12.3503,-26.0132,0.0,-1.2821,-20.9715,18.8917,57.1187,20.2452,3.2641,2.0176,0.7013,0.2607,0.0573,0.0,-78.9124
T,Q4 2021,-0.7374,83.1164,-1.2987,2.7027,146.8485,16.218,54.2531,16.0862,2.7429,2.0003,1.6075,0.181,0.0564,0.0,-68.9286
T,Q1 2022,-4.4477,-32.379,6.5789,5.1948,-35.0906,16.1887,57.1385,18.6356,2.5783,2.094,0.9317,0.4675,0.0515,0.0,-61.1696
T,Q2 2022,-0.2322,-17.0593,-14.8148,-10.3896,-4.3365,14.0235,58.3679,18.8476,3.0723,2.1516,0.7011,0.0817,0.0695,0.0,-82.3815
T,Q3 2022,1.3494,-4.0956,-13.0435,-22.0779,21.9176,20.0579,59.3882,20.3908,4.305,2.0466,0.618,0.0464,0.0704,0.0,-83.2991
T,Q4 2022,4.3271,0.7976,-6.6667,-26.3158,-82.3189,-75.0311,133.3025,18.0614,-22.0906,2.7842,0.5894,0.0659,0.0778,0.0,-214.1262
TGT,Q1 2021,-14.6159,23.3597,37.3333,21.8935,12.0815,8.6664,30.9171,9.8111,14.0183,2.374,1.0717,0.4203,0.4794,1.0,589.6066
TGT,Q2 2021,3.9798,9.5103,-5.3398,17.4699,-15.2047,7.2218,31.3196,9.8052,12.2275,2.4579,1.0417,0.3794,0.4896,1.0,1317.2692
TGT,Q3 2021,1.9555,13.3439,53.3333,116.6667,-7.9097,5.8007,29.027,7.8356,10.7803,2.942,0.9668,0.2464,0.4714,1.0,475.2075
TGT,Q4 2021,20.8327,9.3758,-8.3612,82.6667,-11.7362,4.9813,26.5679,6.7589,12.0371,3.1951,0.992,0.2718,0.576,1.0,296.7901
TGT,Q1 2022,-18.796,4.0212,6.5693,41.7476,-19.3385,4.0087,26.6547,5.3476,9.3651,3.719,0.8663,0.0537,0.4951,1.0,144.3371
TGT,Q2 2022,3.4446,3.4857,2.7397,53.8462,-6.0246,0.7028,22.6409,1.2329,1.7277,3.9537,0.8221,0.0498,0.4962,0.0,-33.9167
TGT,Q3 2022,1.8474,3.376,-21.3333,-21.0702,-9.968,2.685,25.7863,3.854,6.4616,4.0472,0.8575,0.0401,0.4768,1.0,126.8824
TGT,Q4 2022,18.3913,1.2873,-8.0508,-20.8029,-8.0885,2.7903,23.4814,3.6917,7.7991,3.7485,0.9152,0.1143,0.5886,1.0,136.9625
TJX,Q1 2021,-7.8275,128.7802,35.5556,-20.7792,181.2582,5.2934,28.067,7.5945,8.697,3.9357,1.5157,0.8858,0.3329,0.0,-11.42
TJX,Q2 2021,19.733,81.1313,-57.377,-57.377,112.9668,6.5056,29.3857,10.9732,12.264,3.4929,1.3333,0.7076,0.4196,1.0,18.5455
TJX,Q3 2021,3.766,23.8661,103.8462,488.8889,27.0623,8.1632,29.4956,11.1692,15.8733,3.6659,1.2866,0.5995,0.4167,1.0,46.3448
TJX,Q4 2021,10.553,26.6021,52.8302,80.0,36.9509,6.7877,27.1371,9.1236,15.6653,3.7411,1.2666,0.5949,0.4868,1.0,95.15
TJX,Q1 2022,-17.6723,13.08,9.8765,45.9016,-115.7001,5.1464,27.9064,9.5476,10.4915,3.9526,1.2456,0.4287,0.4116,0.0,-12.3158
TJX,Q2 2022,3.8313,-1.9381,-32.5843,130.7692,-83.0693,6.8395,27.6281,9.2629,15.0083,4.0196,1.1664,0.348,0.4372,1.0,1.9853
TJX,Q3 2022,2.7358,-2.9117,13.3333,28.3019,-26.7778,8.7367,29.1198,11.1613,18.7643,4.0182,1.1562,0.2995,0.428,1.0,43.0938
TJX,Q4 2022,19.3392,4.8044,17.6471,-1.2346,-21.7978,7.1488,26.095,9.0634,16.3105,3.4546,1.2087,0.5315,0.5122,1.0,88.8222
TMO,Q1 2021,-6.1043,59.0048,18.6501,119.7368,57.2905,23.5918,52.5843,30.9207,6.6661,0.8806,2.5282,0.7981,0.1502,1.0,424.9115
TMO,Q2 2021,-6.3901,34.061,-17.0659,127.9835,24.5455,19.7131,48.7868,24.6091,4.9601,0.8369,2.7812,1.0142,0.137,1.0,203.2418
TMO,Q3 2021,0.6147,9.4942,-16.9675,18.2519,-26.3636,20.3859,49.8499,24.6088,4.9135,0.9013,3.189,1.5513,0.1268,1.0,182.3041
TMO,Q4 2021,14.7053,1.4408,4.3478,-14.7425,-53.0475,15.4924,49.0936,24.145,4.0462,1.3214,1.4969,0.3332,0.1125,1.0,173.2532
TMO,Q1 2022,10.428,19.3014,29.1667,-7.1856,-39.7034,18.7426,46.2346,23.8873,5.3852,1.2549,1.5556,0.228,0.1274,1.0,349.744
TMO,Q2 2022,-7.1755,18.3004,-12.9032,-2.5271,-15.7606,15.1686,41.9234,18.4594,3.918,1.1327,1.6459,0.1717,0.1211,1.0,143.9598
TMO,Q3 2022,-2.6709,14.4373,-10.3704,5.2174,4.9431,14.0021,40.2922,16.3248,3.4189,1.0705,1.7358,0.2625,0.1179,1.0,108.4044
TMO,Q4 2022,7.2399,6.9893,8.2645,9.1667,5.5486,13.7642,40.2271,16.7336,3.5698,1.2006,1.4832,0.5011,0.1179,1.0,146.4024
TSLA,Q1 2021,-3.3042,73.584,29.8507,50.0,41.7983,4.216,21.3206,4.7454,1.7903,1.1652,1.6606,1.1522,0.1961,0.0,-88.6642
TSLA,Q2 2021,15.1025,98.1113,2.2989,-248.3333,103.0514,9.5501,24.1177,11.1641,4.3505,1.1008,1.5083,0.9913,0.2168,0.0,-74.4452
TSLA,Q3 2021,15.0443,56.8464,38.2022,-37.8788,17.6905,11.7613,26.6046,14.9378,5.6784,1.0297,1.3851,0.89,0.2379,0.0,-64.3974
TSLA,Q4 2021,28.7999,64.92,30.8943,140.2985,19.4162,13.0989,27.3548,14.7469,7.3489,0.9672,1.3753,0.892,0.2852,0.0,-44.6286
TSLA,Q1 2022,5.8525,80.5371,18.6335,119.5402,6.9531,17.6903,29.1107,19.2099,9.3713,0.8652,1.354,0.8159,0.284,0.0,-30.1474
TSLA,Q2 2022,-9.7142,41.6123,10.4712,137.0787,-56.499,13.34,25.003,15.3892,5.9987,0.8193,1.4308,0.8397,0.2472,0.0,-44.9924
TSLA,Q3 2022,26.6919,55.9497,36.019,133.3333,-0.8967,15.3445,25.0862,17.1903,8.0051,0.8098,1.4624,0.7936,0.2883,0.0,-24.7194
TSLA,Q4 2022,13.3495,37.2425,-59.2334,-27.3292,-27.6774,15.1616,23.7561,16.1814,8.033,0.7939,1.532,0.6085,0.2953,1.0,11.2443
TXN,Q1 2021,5.2257,28.8375,18.1818,47.1698,36.2109,40.872,65.2133,46.3045,17.2438,0.9318,6.1206,1.4365,0.2184,1.0,137.6625
TXN,Q2 2021,6.7848,41.4017,15.3846,109.3023,53.0974,42.1616,67.1834,49.3668,17.3137,0.8473,5.0781,1.6579,0.2223,1.0,161.225
TXN,Q3 2021,1.3755,21.64,13.3333,63.2,20.4202,41.9341,67.8871,50.6569,16.0234,0.9153,5.6299,2.3469,0.1995,1.0,154.1446
TXN,Q4 2021,4.0706,18.5476,-4.4118,47.7273,-3.124,44.2467,69.3295,52.918,16.0354,0.8507,5.327,1.8026,0.1958,1.0,185.9753
TXN,Q1 2022,1.5108,14.3623,11.2821,39.1026,-14.4752,44.8726,70.1733,53.5984,15.7024,0.8032,5.5419,1.3865,0.1941,1.0,197.75
TXN,Q2 2022,6.2589,13.7991,-4.1475,15.5556,-27.6025,43.9563,69.551,53.5111,16.2575,0.7544,5.0949,1.4852,0.2108,1.0,222.3506
TXN,Q3 2022,0.5564,12.8796,13.9423,16.1765,-8.7604,43.7894,69.0135,52.5663,15.8199,0.7962,4.9221,1.1326,0.2011,1.0,228.2368
TXN,Q4 2022,-10.8949,-3.3526,-16.8776,1.0256,-21.9002,42.0128,66.1028,47.6231,13.4596,0.8664,4.6972,1.0218,0.1716,1.0,165.1375
UBER,Q1 2021,-8.278,-10.6219,0.0,-19.0476,-15.4299,-3.7203,41.0954,-52.4974,-0.7675,1.4629,1.1382,0.6636,0.0838,0.0,-103.4583
UBER,Q2 2021,35.3427,105.3842,-7.8431,-36.4865,144.961,29.1168,46.5767,-30.2367,7.2663,1.3025,1.0129,0.5782,0.1084,0.0,-70.098
UBER,Q3 2021,23.3138,72.236,-10.6383,-33.3333,98.4621,-50.031,49.6801,-11.806,-16.9688,1.582,1.1917,0.7977,0.1314,0.0,-158.555
UBER,Q4 2021,19.257,82.5592,-21.4286,-35.2941,74.243,15.4379,46.279,-9.5189,5.8115,1.5262,1.2963,0.476,0.149,0.0,-80.4138
UBER,Q1 2022,18.6224,136.1006,-15.1515,-45.098,146.7225,-86.5188,41.2606,-7.0324,-60.3993,2.342,1.0015,0.4836,0.2089,0.0,-212.5699
UBER,Q2 2022,17.7852,105.4721,-10.7143,-46.8085,0.0879,-32.2185,36.1699,-8.8319,-34.3911,3.1008,0.9783,0.4916,0.2603,0.0,-143.99
UBER,Q3 2022,3.3445,72.1981,-28.0,-57.1429,-0.0379,-14.4552,37.9959,-5.9331,-16.2973,3.2043,1.3907,0.5394,0.2682,0.0,-118.633
UBER,Q4 2022,3.1643,48.9616,5.5556,-42.4242,-33.5977,6.913,38.3409,-1.6498,6.9967,2.7758,1.2468,0.4753,0.2681,0.0,-91.2853
UNH,Q1 2021,7.2235,8.9645,73.622,21.8232,2.1445,6.9263,25.2436,9.6003,6.8884,1.9068,0.7379,0.2475,0.3421,0.0,-647.3404
UNH,Q2 2021,1.6027,14.7784,-0.6803,-7.5949,12.232,5.9814,23.9971,8.3818,5.8183,1.8681,0.7696,0.259,0.3392,0.0,-2359.55
UNH,Q3 2021,1.4245,11.0911,1.3699,40.9524,3.1973,5.6486,23.8232,7.8964,5.4749,1.8546,0.7742,0.265,0.3395,1.0,1633.2
UNH,Q4 2021,1.9437,12.6415,-3.3784,68.8976,5.1441,5.5205,23.845,7.5139,5.323,1.7747,0.7888,0.273,0.3475,1.0,1076.2432
UNH,Q1 2022,8.6869,14.1789,27.5058,24.0363,5.2144,6.2721,23.8793,8.6713,6.4742,1.8493,0.7829,0.289,0.3623,1.0,2328.5455
UNH,Q2 2022,0.2283,12.6344,-3.2907,20.7763,-2.144,6.3113,24.4523,8.8782,6.2495,1.8372,0.7707,0.2775,0.349,1.0,939.25
UNH,Q3 2022,0.6996,11.8294,4.7259,24.7748,0.7382,6.5048,24.6656,9.2244,6.3458,1.9313,0.8217,0.3849,0.3328,1.0,1272.6341
UNH,Q4 2022,2.3401,12.2642,-3.2491,24.9417,-0.3773,5.7509,25.2238,8.3238,5.5138,1.8456,0.774,0.2618,0.3369,1.0,1077.8049
UPS,Q1 2021,-7.9852,27.0197,-19.8068,16.0839,21.9206,20.9185,25.1266,12.07,66.9367,7.8437,1.2869,0.4741,0.3618,1.0,231.0482
UPS,Q2 2021,2.2525,14.4924,62.0482,153.7736,1.1336,11.4242,26.1996,13.9088,24.7274,4.9942,1.3943,0.6093,0.3611,1.0,14.0818
UPS,Q3 2021,-1.0246,9.1628,-5.948,65.3595,-6.7778,10.0457,25.1423,12.4914,19.3166,4.4524,1.4764,0.66,0.3527,1.0,5.2055
UPS,Q4 2021,19.7852,11.548,20.5534,47.343,-9.4944,11.1375,26.0344,14.011,21.6764,3.864,1.4192,0.5837,0.4001,1.0,15.8984
UPS,Q1 2022,-12.2178,6.417,-5.9016,72.8916,-20.6027,10.9197,25.6338,13.3358,17.2476,3.5428,1.5201,0.7249,0.3477,1.0,6.0035
UPS,Q2 2022,1.5916,5.7292,9.7561,17.1004,-8.7632,11.5037,26.6817,14.2736,17.4678,3.2973,1.4749,0.6769,0.3534,1.0,3.4825
UPS,Q3 2022,-2.4429,4.2141,-8.8889,13.4387,-4.9487,10.6949,25.7895,12.8844,15.2107,3.0937,1.3914,0.6248,0.3474,1.0,3.0139
UPS,Q4 2022,11.8869,-2.6574,25.4355,18.0328,-14.2055,12.7733,25.7389,11.8189,17.4368,2.5916,1.2248,0.3088,0.3801,1.0,11.4028
VRTX,Q1 2021,5.9258,13.8071,15.6118,106.015,-62.6893,37.8762,88.8476,51.2614,7.2726,0.3491,4.3925,3.2429,0.1423,1.0,545.641
VRTX,Q2 2021,4.0074,17.6397,3.2847,54.6448,-44.3168,3.7359,87.2867,51.4163,0.7285,0.329,4.6054,3.3019,0.1467,0.0,-68.0617
VRTX,Q3 2021,10.6334,28.9825,-3.8869,26.5116,-32.9701,42.9363,88.0802,54.5537,8.9385,0.324,4.6245,3.2784,0.1572,1.0,152.1756
VRTX,Q4 2021,4.4605,27.3223,22.4265,40.5063,12.1379,37.1562,88.0633,48.3547,7.6248,0.33,4.4634,3.1723,0.1543,1.0,101.1067
VRTX,Q1 2022,1.2014,21.6436,1.5015,23.3577,7.8364,36.3337,88.2813,49.3635,6.9873,0.3071,4.7525,3.486,0.1471,1.0,60.9301
VRTX,Q2 2022,4.7056,22.4601,9.7633,31.0954,4.8204,36.9047,88.0794,50.9516,6.7918,0.3058,3.7859,2.864,0.1409,1.0,10.7448
VRTX,Q3 2022,6.2881,17.6503,-3.2345,31.9853,-11.3322,39.8621,87.6023,49.3981,7.1414,0.2822,4.7028,3.5149,0.1397,1.0,13.3656
VRTX,Q4 2022,-1.3537,11.102,-5.8496,1.5015,-16.2203,35.5626,87.6971,45.9417,5.886,0.3046,4.8265,3.8306,0.1269,1.0,0.044
VZ,Q1 2021,-5.2606,3.9766,10.4348,3.252,5.5889,15.9583,58.8584,23.6407,7.2163,3.7545,1.0237,0.2635,0.0951,1.0,97.9063
VZ,Q2 2021,2.7292,10.8943,0.7874,3.2258,15.9581,17.1781,57.7805,24.1826,7.7218,3.6489,0.8889,0.1162,0.0967,0.0,-1.338
VZ,Q3 2021,-2.5145,4.3496,3.9063,9.0164,8.4567,19.4653,58.9002,27.0545,8.1629,3.5033,0.9739,0.2402,0.0931,0.0,-26.6919
VZ,Q4 2021,3.4999,-1.8016,-3.7594,11.3043,-1.5629,13.541,55.9809,22.3325,5.5445,3.4062,0.7788,0.0619,0.0929,0.0,-57.2165
VZ,Q1 2022,-1.5059,2.0902,7.0313,7.874,-1.8863,13.6496,57.2331,23.2342,5.3772,3.2937,0.7638,0.0357,0.0917,0.0,-60.464
VZ,Q2 2022,0.7004,0.074,-0.7299,6.25,-10.8203,15.3867,57.3234,22.3505,5.9514,3.2372,0.7618,0.0377,0.0913,0.0,-74.7429
VZ,Q3 2022,1.3377,4.0286,2.2059,4.5113,-0.3211,14.3103,57.3581,23.0542,5.5191,3.2248,0.7479,0.0392,0.0913,0.0,-76.8111
VZ,Q4 2022,2.9497,3.4755,-10.7914,-3.125,5.2771,18.6576,55.2864,20.4959,7.1131,3.1063,0.7546,0.0519,0.0928,0.0,-62.5881
WDAY,Q1 2021,3.8305,15.382,-3.3333,28.8889,-8.0504,-3.9592,71.6559,-3.2606,-1.3661,1.5324,0.9276,0.2278,0.1363,0.0,-154.5429
WDAY,Q2 2021,7.2618,18.6817,3.4483,22.449,-0.9425,8.3893,72.5856,-0.0889,2.7336,1.3562,1.0438,0.2543,0.1383,0.0,-40.5278
WDAY,Q3 2021,5.3082,20.01,16.6667,40.0,2.1164,3.2708,72.8973,1.8041,1.0297,1.2394,1.0979,0.3034,0.1406,0.0,-87.6224
WDAY,Q4 2021,3.6978,21.619,-4.2857,11.6667,5.7033,-5.3494,71.6857,-7.3028,-1.6235,1.315,1.0289,0.3027,0.1311,0.0,-113.6164
WDAY,Q1 2022,4.2369,22.095,4.4776,20.6897,6.713,-7.1218,71.9221,-5.0774,-2.1371,1.6772,1.5567,0.5807,0.1121,0.0,-117.1266
WDAY,Q2 2022,7.0498,21.8538,15.7143,35.0,3.1721,-4.1775,72.4518,-2.2189,-1.2512,1.5839,1.6066,0.5119,0.1159,0.0,-106.5506
WDAY,Q3 2022,4.122,20.4812,7.4074,24.2857,0.4712,-4.6727,72.7477,-1.646,-1.3814,1.2905,1.872,0.4233,0.1291,0.0,-107.6895
WDAY,Q4 2022,2.9603,19.6244,2.2989,32.8358,-1.9946,-7.6497,72.7715,-2.9614,-2.2551,1.4147,1.7871,0.4157,0.1221,0.0,-114.6497
WMT,Q1 2021,-9.0538,2.7395,26.7241,2.0833,-5.8923,1.9738,25.3329,4.9953,3.2273,1.7967,0.9474,0.2826,0.5846,0.0,-47.0
WMT,Q2 2021,1.9796,2.4001,-14.2857,9.5652,-3.2489,3.0316,25.4275,5.2138,4.9078,1.738,0.9645,0.2814,0.5913,0.0,-26.2029
WMT,Q3 2021,-0.3708,4.3182,20.6349,25.6198,-0.9298,2.2096,25.2638,4.1217,3.4212,1.6979,0.9469,0.1839,0.5739,0.0,-49.0959
WMT,Q4 2021,8.7856,0.5208,-9.2105,18.9655,-6.8258,2.3301,24.4317,3.851,3.8763,1.6647,0.9278,0.1689,0.6243,0.0,-3.587
WMT,Q1 2022,-7.3932,2.3563,7.2464,0.6803,-0.3832,1.4509,24.5266,3.7565,2.3923,1.8668,0.8621,0.1224,0.5752,0.0,-62.5303
WMT,Q2 2022,7.9749,8.3737,5.4054,23.8095,5.9736,3.3685,24.2191,4.4839,5.9979,1.8795,0.8425,0.1394,0.6184,0.0,-16.36
WMT,Q3 2022,-0.0301,8.7444,16.6667,19.7368,4.4261,-1.1766,24.3435,1.7636,-2.2368,2.0809,0.8646,0.1143,0.617,0.0,-129.0921
WMT,Q4 2022,7.3521,7.3114,-28.022,-5.0725,6.7906,3.8251,23.5449,3.3899,7.471,1.8955,0.8206,0.0935,0.6745,1.0,39.375
XOM,Q1 2021,24.8274,4.1366,38900.0,-53.012,14.688,4.7335,29.4951,15.6691,1.6636,1.0339,0.8012,0.0584,0.1728,0.0,-32.7368
XOM,Q2 2021,14.9669,104.0059,107.6923,-258.8235,156.0197,7.0733,30.9263,19.4115,2.8329,1.0373,0.849,0.0557,0.1966,1.0,9.66
XOM,Q3 2021,8.7624,57.8652,61.7284,-3375.0,86.3228,9.3599,32.7972,22.2406,4.0297,1.01,0.8981,0.0771,0.2142,1.0,71.587
XOM,Q4 2021,14.9357,79.3974,14.5038,149900.0,109.3887,10.7013,32.11,21.4943,5.0489,0.9292,1.0443,0.1201,0.2446,1.0,113.8367
XOM,Q1 2022,6.1228,52.5159,24.0,376.9231,48.3792,6.23,28.7999,15.6431,3.1044,1.0097,1.0721,0.1537,0.2479,1.0,16.8273
XOM,Q2 2022,31.5125,74.4654,53.7634,253.0864,-29.5405,15.4304,34.0436,27.658,9.6744,0.9933,1.1629,0.2354,0.3145,1.0,329.5918
XOM,Q3 2022,-3.1215,55.4024,11.8881,144.2748,-2.4628,17.5426,36.1881,22.8705,10.1843,0.9175,1.3407,0.4106,0.3028,1.0,405.2527
XOM,Q4 2022,-25.0772,1.3018,-0.625,112.0,-78.0957,15.1847,27.2015,42.285,6.2971,0.8228,1.414,0.4293,0.2275,1.0,186.8269
